<?xml version="1.0" encoding="UTF-8"?>
<blueprint xmlns="http://www.osgi.org/xmlns/blueprint/v1.0.0"
    xmlns:xsi="http://www.w3.org/2001/XMLSchema-instance"
    xmlns:camel="http://camel.apache.org/schema/blueprint" xsi:schemaLocation="
 http://www.osgi.org/xmlns/blueprint/v1.0.0 https://www.osgi.org/xmlns/blueprint/v1.0.0/blueprint.xsd
 http://camel.apache.org/schema/blueprint https://camel.apache.org/schema/blueprint/camel-blueprint-3.3.0.xsd">
    <camel:sslContextParameters id="serverSslContext" certAlias="1.0.1">
        <camel:keyManagers keyPassword="password">
            <camel:keyStore resource="etc/consumer-keystore.p12" password="password"/>
        </camel:keyManagers>
        <camel:trustManagers>
            <camel:keyStore resource="etc/truststore.p12" password="password"/>
        </camel:trustManagers>
    </camel:sslContextParameters>
    <camelContext xmlns="http://camel.apache.org/schema/blueprint" streamCache="true">
        <route id="idscp2Server">
            <from uri="idscp2server://0.0.0.0:29292?sslContextParameters=#serverSslContext"/>
            <log message="Server received: ${body} (Header: ${headers[idscp2-header]})"/>
            <choice>
                <when>
                    <simple>${header.idscp2-header} == 'policy-offer'</simple>
                    <to uri="direct:policy-offer"/>
                </when>
                <when>
                    <simple>${header.idscp2-header} == 'policy-agreement'</simple>
                    <to uri="direct:policy-agreement"/>
                </when>
                <otherwise>
                    <to uri="direct:data"/>
                </otherwise>
            </choice>
            <log message="Server response: ${body} (Header: ${headers[idscp2-header]})"/>
        </route>
        <route id="idscp2-policy-offer">
            <from uri="direct:policy-offer"/>
            <setHeader name="Content-Type">
                <constant>application/ld+json</constant>
            </setHeader>
            <to uri="http://data-app-consumer:8081/policy/offer?bridgeEndpoint=true"/>
        </route>
        <route id="idscp2-policy-agreement">
            <from uri="direct:policy-agreement"/>
            <setHeader name="Content-Type">
                <constant>application/ld+json</constant>
            </setHeader>
            <to uri="http://data-app-consumer:8081/policy/agreement?bridgeEndpoint=true"/>
        </route>
        <route id="idscp2-data">
            <from uri="direct:data"/>
            <setHeader name="target-name">
                <simple>data-app-consumer</simple>
            </setHeader>
            <setHeader name="target-uri">
                <simple>http://data-app-consumer:8081</simple>
            </setHeader>
            <setHeader name="Content-Type">
                <constant>application/json</constant>
            </setHeader>
            <to uri="http://data-app-consumer:8081/data?bridgeEndpoint=true"/>
        </route>
    </camelContext>
</blueprint>