<?xml version="1.0" encoding="UTF-8"?>
<blueprint xmlns="http://www.osgi.org/xmlns/blueprint/v1.0.0"
    xmlns:xsi="http://www.w3.org/2001/XMLSchema-instance"
    xmlns:camel="http://camel.apache.org/schema/blueprint" xsi:schemaLocation="
 http://www.osgi.org/xmlns/blueprint/v1.0.0 https://www.osgi.org/xmlns/blueprint/v1.0.0/blueprint.xsd
 http://camel.apache.org/schema/blueprint https://camel.apache.org/schema/blueprint/camel-blueprint-3.3.0.xsd">
    <camel:sslContextParameters id="clientSslContext" certAlias="1.0.1">
        <camel:keyManagers keyPassword="password">
            <camel:keyStore resource="etc/provider-keystore.p12" password="password"/>
        </camel:keyManagers>
        <camel:trustManagers>
            <camel:keyStore resource="etc/truststore.p12" password="password"/>
        </camel:trustManagers>
    </camel:sslContextParameters>
    <camelContext xmlns="http://camel.apache.org/schema/blueprint" streamCache="true">
        <restConfiguration component="jetty" host="0.0.0.0" port="8880" bindingMode="off" />
        <rest>
            <post uri="/policy/offer">
                <to uri="direct:policy-offer" />
            </post>
        </rest>
        <rest>
            <post uri="/policy/agreement">
                <to uri="direct:policy-agreement" />
            </post>
        </rest>
        <rest>
            <post uri="/data">
                <to uri="direct:data" />
            </post>
        </rest>
        <rest>
            <post uri="/send-data">
                <to uri="direct:send-data" />
            </post>
        </rest>
        <rest>
            <post uri="/sim-time-over">
                <to uri="direct:sim-time-over" />
            </post>
        </rest>
        <route id="idscp2-policy-offer">
            <from uri="direct:policy-offer"/>
            <!--<setBody><simple>{}</simple></setBody>-->
            <setHeader name="idscp2-header">
                <simple>policy-offer</simple>
            </setHeader>
            <log message="Client sends: ${body} (Header: ${headers[idscp2-header]})"/>
            <toD uri="idscp2client://${headers.Url}?awaitResponse=true&amp;sslContextParameters=#clientSslContext"/>
            <log message="Client received: ${body} (Header: ${headers[idscp2-header]})"/>
            <!-- Prevents the client consumer from sending the message back to the server -->
            <removeHeader headerName="idscp2-header"/>
        </route>
        <route id="idscp2-policy-agreement">
            <from uri="direct:policy-agreement"/>
            <setHeader name="idscp2-header">
                <simple>policy-agreement</simple>
            </setHeader>
            <log message="Client sends: ${body} (Header: ${headers[idscp2-header]})"/>
            <toD uri="idscp2client://${headers.Url}?awaitResponse=true&amp;sslContextParameters=#clientSslContext"/>
            <log message="Client received: ${body} (Header: ${headers[idscp2-header]})"/>
            <!-- Prevents the client consumer from sending the message back to the server -->
            <removeHeader headerName="idscp2-header"/>
        </route>
        <route id="idscp2-data">
            <from uri="direct:data"/>
            <log message="Client sends: ${body} (Header: ${headers[Url]})"/>
            <setHeader name="Content-Type">
                <constant>application/json</constant>
            </setHeader>
            <setHeader name="CamelHttpMethod">
                <constant>POST</constant>
            </setHeader>
            <to uri="http://data-app-provider:8080/smp/data?bridgeEndpoint=true"/>
        </route>
        <route id="idscp2-send-data">
            <from uri="direct:send-data"/>
            <convertBodyTo type="java.lang.String"/>
            <setHeader name="idscp2-header">
                <simple>${headers.dataId}</simple>
            </setHeader>
            <log message="Client sends: ${body} ${headers.Url} ${headers} (Header: ${headers[idscp2-header]})"/>
            <toD uri="idscp2client://${headers.Url}?awaitResponse=true&amp;sslContextParameters=#clientSslContext"/>
            <log message="Client received: ${body} (Header: ${headers[idscp2-header]})"/>
            <!-- Prevents the client consumer from sending the message back to the server -->
            <removeHeader headerName="idscp2-header"/>
        </route>
        <route id="idscp2-sim-time-over">
            <from uri="direct:sim-time-over"/>
            <log message="Client sends: ${body} (Header: ${headers[idscp2-header]} ${headers[Url]})"/>
            <setHeader name="CamelHttpMethod">
                <constant>POST</constant>
            </setHeader>
            <to uri="http://data-app-provider:8080/smp/send-data?bridgeEndpoint=true"/>
        </route>
    </camelContext>
</blueprint>