{"save-time":1615890064,"time-offset":false,"files":["/home/hmeyerzumfelde/IDSCPv2-VM/logprovider/*"],"views":{"log":{"top_line":-1,"search":"","word_wrap":false,"commands":[]},"text":{"top_line":-1,"search":"","word_wrap":false,"commands":[]},"help":{"top_line":0,"search":"","word_wrap":true,"commands":[]},"histogram":{"top_line":-1,"search":"","word_wrap":false,"commands":[]},"db":{"top_line":-1,"search":"","word_wrap":false,"commands":[]},"example":{"top_line":-1,"search":"","word_wrap":false},"schema":{"top_line":-1,"search":"","word_wrap":false},"pretty":{"top_line":-1,"search":"","word_wrap":false},"spectro":{"top_line":-1,"search":"","word_wrap":false,"commands":[]}}}