<?xml version="1.0" encoding="UTF-8"?>
<blueprint xmlns="http://www.osgi.org/xmlns/blueprint/v1.0.0"
           xmlns:xsi="http://www.w3.org/2001/XMLSchema-instance"
           xmlns:camel="http://camel.apache.org/schema/blueprint" xsi:schemaLocation="
 http://www.osgi.org/xmlns/blueprint/v1.0.0 https://www.osgi.org/xmlns/blueprint/v1.0.0/blueprint.xsd
 http://camel.apache.org/schema/blueprint https://camel.apache.org/schema/blueprint/camel-blueprint-3.3.0.xsd">
    <camel:sslContextParameters id="clientSslContext" certAlias="1.0.1">
        <camel:keyManagers keyPassword="password">
            <camel:keyStore resource="etc/provider-keystore.p12" password="password"/>
        </camel:keyManagers>
        <camel:trustManagers>
            <camel:keyStore resource="etc/truststore.p12" password="password"/>
        </camel:trustManagers>
    </camel:sslContextParameters>
    <camelContext xmlns="http://camel.apache.org/schema/blueprint">
        <restConfiguration component="jetty" host="0.0.0.0" port="8880" bindingMode="off" />
        <rest>
            <post uri="/data">
                <to uri="direct:data" />
            </post>
        </rest>
        <route id="idscp2-data">
            <from uri="direct:data"/>
            <convertBodyTo type="java.lang.String"/>
            <setHeader name="idscp2-header">
                <simple>data</simple>
            </setHeader>
            <log message="Client sends: ${body} (Header: ${headers[idscp2-header]})"/>
            <to uri="idscp2client://trustedconnector.aisec.fraunhofer.de:9300?awaitResponse=true&amp;sslContextParameters=#clientSslContext"/>
            <log message="Client received: ${body} (Header: ${headers[idscp2-header]})"/>
            <!-- Prevents the client consumer from sending the message back to the server -->
            <removeHeader headerName="idscp2-header"/>
        </route>
    </camelContext>
</blueprint>
